section,in_resume,title,institution,loc,end,start,description_1,description_2,description_3
education,TRUE,MS Program Evaluation & Data Analytics,Arizona State University,"Tempe, AZ",Expected 2027,NA,NA,NA,NA
education,TRUE,MS Student Affairs Administration,Binghamton University,"Binghamton, NY",2025,NA,NA,NA,NA
education,TRUE,MA Developmental Psychology,Cornell University,"Ithaca, NY",2017,NA,NA,NA,NA
education,TRUE,BA Psychology,Binghamton University,"Binghamton, NY",2016,NA,NA,NA,NA
research_positions,TRUE,Research Assistant,Cornell University,"Ithaca, NY",2018,2018,"Provided research support to PI, graduate students, and undergraduate students on multiple NIH- and USDA-funded studies. ",NA,NA
research_positions,TRUE,Masters Thesis,Cornell University,"Ithaca, NY",2016,2017,Worked with advisor and current literature to develop a research question and hypotheses focusing on the effects of childhood traumatic events and adversities on marital functioning. ,NA,NA
research_positions,TRUE,Research Assistant,Binghamton University,"Binghamton, NY",2015,2016,"Worked on study examining marital well-being, focusing on analyzing social support within marital relationships. ",NA,NA
research_positions,TRUE,Individual Research Thesis,Binghamton University,"Binghamton, NY",2015,2016,"Worked with advisor, graduate students, and other undergraduate students in order to come up with a topic and also assisted other undergraduates working on honors theses to create their topic ideas ",NA,NA
industry_positions,TRUE,Residential Initiatives and Business Manager,Binghamton University,"Binghamton, NY",2025,Present," Manage and ensure compliance with a departmental annual budget exceeding $900,000.","Provide project management support for planning and implementation of new student staffing model including developing milestones, tracking progress, attending meetings, facilitating communication across the department, following up on action items, and keeping stakeholders informed of progress."," Led and independently coordinated all aspects of the student staff selection process culminating in over 300 interviews in 2.5 days including application review; deliverable project creation; interview rubric development; scheduling of 350+ candidates, 200+ student staff, and 40+ professional staff; candidate communications; day-of management; file review systems; and process optimization."
industry_positions,TRUE,Student Experience Program Coordinator ,Binghamton University,"Binghamton, NY",2023,2025,"Based on new student staffing model, redesigned and streamlined student staff hiring processes for more targeted evaluation of applicants.","Designed and led a large-scale student staff training program, developing and managing a complex four-day schedule spanning multiple staff roles while driving coordination, campus partner collaboration, and content alignment to deliver a cohesive, high-impact training model. ","Serve as a subject matter expert in human development and student needs, designing and delivering training sessions that equip student staff with strategies to support student success. "
industry_positions,TRUE,Residential Life Coordinator ,Binghamton University,"Binghamton, NY",2022,2023,"Partner in departmental assessment planning and strategic goal setting, aligning evaluation efforts with institutional priorities and student success initiatives. ","Collect, analyze, and synthesize qualitative and quantitative data to identify student needs, assess program effectiveness, and inform evidence-based departmental initiatives.","Design, implement, and manage data collection instruments and assessment processes to gather actionable insights from students and professional staff."
industry_positions,TRUE,Community Connector Graduate Assistant,Binghamton University,"Binghamton, NY",2022,2022,Developed and implemented administrative policies and procedures for a pilot program connecting spring admit students with campus peers and resources.,"Mentored, supervised, and trained undergraduate students through weekly team meetings, task delegation, accountability structures, and program oversight.","Analyzed program data to evaluate outcomes, streamline processes, and enhance student engagement."
industry_positions,TRUE,Diversifying Coding Graduate Assistant,Binghamton University,"Binghamton, NY",2022,2022,Partnered with the Assistant Dean for Academic Diversity & Inclusive Excellence to support and advance initiatives for underrepresented students in the Diversifying Coding program. ,"Conducted institutional research and benchmarking analysis on diversity, equity, and inclusion initiatives at peer institutions including first-generation student support, women in engineering, and mentoring programs.","Developed proposals and executive summaries for new diversity programming initiatives, translating research findings into recommendations for Dean-level review. "
industry_positions,TRUE,Application Reader,Binghamton University,"Binghamton, NY",2021,2022,"Conducted holistic evaluations of undergraduate admissions applications across multiple schools, applying institution- and program-specific criteria and reviewing academic, extracurricular, and personal materials. ",Verified GPA calculations and academic records from high school transcripts to ensure accuracy in application review process. ,Exercised independent judgment and maintained productivity while managing application reviews in a remote environment with minimal supervision. 
industry_positions,TRUE,Residential Life MSW Intern,Binghamton University,"Binghamton, NY",2021,2022,"Supported Crisis Response Team interventions through prevention, outreach, and follow-up care for students experiencing academic, personal, health, and transitional challenges.","Provided individualized student support and case management through outreach and appointments addressing academic concerns, interpersonal conflicts, stress management, college adjustment, and connection to campus resources.","Developed individualized care plans following critical incidents, coordinating follow-up support, referrals, and intervention strategies to promote student safety and well-being. "
industry_positions,TRUE,Advising Assistant,Binghamton University,"Binghamton, NY",2021,2021,"Provided individualized academic advising and registration support to incoming first-year students, guiding students through course selection and first-semester enrollment processes. ","Utilized degree audit systems and advising tools to evaluate student progress, identify academic needs, and support informed course planning.",NA
teaching_positions,TRUE,Lecturer ,Ithaca College,"Ithaca, NY",2018,2020,"Developed and implemented course materials including syllabi, assignments, assessments, and instructional resources to support student learning and communicate course expectations.","Designed and delivered lectures for large undergraduate courses (90+ students) and facilitated interactive discussions in smaller classes (25 40 students), applying psychological theory to real-world contexts.","Provided individualized academic advising and mentorship through office hours, goal-setting conversations, and targeted support plans to promote student success."
industry_positions,TRUE,Remote Medical Transcription,Independent Contrator,"Binghamton, NY",2007,2021,"Managed fully remote contract work, independently overseeing schedules, deadlines, technology, and confidential documentation requirements to produce accurate medical records while maintaining strict confidentiality standards. ",NA,NA
industry_positions,TRUE,Business Plan Writer,"IRA Network, LLC","Binghamton, NY",2006,2008,"Developed and edited business plans, marketing materials, and client-facing documents for diverse organizations. ",Managed customer databases and supported sales operations through lead coordination and administrative processes. ,NA
industry_positions,TRUE,Marketing Manager ,Derecktor Shipyards,"Mamaroneck, NY",2003,2005,Developed and evaluated national marketing campaigns using performance metrics to improve outreach and market growth. ,Managed media relations and served as company press liaison. ,NA
industry_positions,TRUE,Production Coordinator,VisuaLex LLC,"Dobbs Ferry, NY",2001,2003,"Independently managed complex production workflows, coordinating projects, timelines, vendors, and temporary staff to meet client needs. ",Improved quality control processes and developed tracking systems to monitor project progress and efficiency. ,NA
data_science_writings,TRUE,Made up stuff,Stuff University,"Stuff, NY",2020,2026,NA,NA,NA
about_me_press,TRUE,Also made up stuff,Stuff University,"Stuff, NY",2020,2026,NA,NA,NA
by_me_press,TRUE,I like data,Data University,"Data, NY",2025,2026,NA,NA,NA
academic_articles,TRUE,I like articles about data,Data University,"Data, NY",2020,2026,NA,NA,NA
